{
  "course_path": "./path.csv",
  "R": [0.316228, 0.316228, 0.316228, 0.316228],
  "Rd": [2,2,2,2],
  "Q": [2.5, 2.5, 2, 1.2, 0.2, 0.0],
  "Qf": [4.5, 4.5, 8, 6, 6, 0.0],

  "goal_distance_tolerance": 1.0,
  "stop_speed": 0.2,
  "max_time": 100,

  "target_speed": 2.0,
  "n_indices_search": 10,
  "dt": 0.2,
  "dl": 0.2,

  "horizon": 5,
  "max_iterations": 50,
  "du_th": 0.001,

  "local_area": [12, 12],

  "circumscribed_area_cost": 100,
  "inflation_radius": 1,
  "obstacles": [[0, 10, 2], [16, -1, 2], [28, 2.5, 1.2], [40, 9.5, 1.2], [40, 11.25, 1.2], [42, 10, 1.2], [42, 12, 2], [24, 12, 2]]
}
