{
  "course_path": "./path.csv",
  "R": [0.316228, 0.316228, 0.316228, 0.316228],
  "Rd": [200,200,200,200],
  "Q": [1.5, 1.5, 2, 0.8, 0.2, 0.0],
  "Qf": [1.5, 1.5, 5, 0.8, 0.2, 0.0],

  "goal_distance_tolerance": 1.0,
  "stop_speed": 0.2,
  "max_time": 100,

  "target_speed": 3.0,
  "n_indices_search": 10,
  "dt": 0.2,
  "dl": 0.2,

  "horizon": 5,
  "max_iterations": 50,
  "du_th": 0.001,

  "visualize": true,

  "local_area": [12, 12],

  "circumscribed_area_cost": 100,
  "inflation_radius": 1,
  "obstacles": [[0, 10, 3], [16, -1, 3], [28, 2.5, 2], [40, 9.5, 2], [40, 11.25, 1], [42, 10, 2], [42, 12, 1], [24, 12, 2]]
}
